Category,SubCategory,Label,Price,Description,Features,Images,Type,Episodes,PricePerEpisode
Películas,Acción,Duro de Matar,5.00,"El policía neoyorquino John McClane viaja a Los Ángeles para reunirse con su esposa durante la víspera de Navidad. Pero su visita se convierte en una pesadilla cuando un grupo de terroristas toma el edificio donde ella trabaja. McClane deberá usar todo su ingenio para sobrevivir y salvar a los rehenes.","Director: John McTiernan;Año: 1988;Duración: 132 min;Actores: Bruce Willis, Alan Rickman, Bonnie Bedelia",duro-de-matar-0.jpg,movie,0,
Películas,Drama,La La Land,5.00,"Mia, una aspirante a actriz, y Sebastian, un pianista de jazz, se enamoran en Los Ángeles mientras persiguen sus sueños. Pero el éxito y la vida los pondrán a prueba. Una historia de amor, música y pasión que cautivó al mundo.","Director: Damien Chazelle;Año: 2016;Duración: 128 min;Actores: Ryan Gosling, Emma Stone, John Legend",la-la-land-0.webp;la-la-land-1.webp,movie,0,5.00
Series,Ciencia Ficción,The Expanse (Temporada 1),20.00,"Cientos de años en el futuro, la humanidad ha colonizado el Sistema Solar. Una conspiración que amenaza la paz entre la Tierra, Marte y el Cinturón de Asteroides desencadena una guerra. Basada en la exitosa serie de novelas de James S.A. Corey.","Creador: Daniel Abraham, Ty Franck;Año: 2015;Episodios: 10;Actores: Steven Strait, Dominique Tipper, Wes Chatham",the-expanse-t1-0.webp;the-expanse-t1-1.webp,episode,10,2.00
Documentales,Naturaleza / Vida Salvaje,Planeta Tierra II,12.00,"La secuela del aclamado documental de la BBC. Utilizando tecnología de vanguardia, el equipo de David Attenborough viaja a los lugares más remotos del planeta para capturar imágenes impresionantes de la vida salvaje. Una experiencia visual inolvidable.",Narrador: David Attenborough;Año: 2016;Episodios: 6;Duración: 50 min por episodio,planeta-tierra-ii-0.jpg;planeta-tierra-ii-1.jpg,episode,6,2.00
Shows,Stand-up Comedy,The Office (Temporada 1),12.00,"Adaptación estadounidense de la serie británica. Sigue la vida cotidiana de los empleados de la empresa Dunder Mifflin, liderados por el excéntrico Michael Scott. Una comedia de oficina que se convirtió en un fenómeno cultural.","Temporada: 1;Episodios: 6;Año: 2005;Creador: Greg Daniels;Actores: Steve Carell, John Krasinski, Jenna Fischer",the-office-temporada-1-0.jpg;the-office-temporada-1-1.jpg,episode,6,2.00
Novelas,Romance,Pasión de Gavilanes,400.00,"Tres hermanos llegan a un pueblo colombiano para vengar la muerte de su hermana, pero sus planes cambian cuando se enamoran de las hijas de la poderosa familia Reyes. Una telenovela llena de pasión, intriga y amor.","Director: Rodrigo Triana;Año: 2003;Episodios: 200;Actores: Danna García, Mario Cimarro, Paola Rey",pasion-de-gavilanes-0.webp;pasion-de-gavilanes-1.webp;pasion-de-gavilanes-2.webp;pasion-de-gavilanes-3.webp,episode,200,2.00
Novelas,"Dramas (coreanos, turcos, etc.)",20 MINUTOS - 20 DAKIKA,118.00,"20 Dakika (en español 20 Minutos) es una serie turca de suspenso y drama que narra la historia de Melek Halaskar, una mujer que lleva una vida tranquila junto a su esposo Ali y sus dos hijos, hasta que es acusada de asesinato y condenada a 20 años de prisión. Ali, convencido de su inocencia, emprende una lucha desesperada contra el sistema judicial para demostrar la verdad y liberar a su esposa. La trama se centra en el amor, la justicia y los sacrificios que una familia está dispuesta a hacer frente a la adversidad.",Episodios: 59;Título original: 20 Dakika;Año: 2013;País: Turquía,20-minutos-20-dakika-0.jpg;20-minutos-20-dakika-1.jpg,episode,59,2.00
Novelas,"Dramas (coreanos, turcos, etc.)",46 DESAPARECIÉNDO - YOK OLAN,26.00,"Yok Olan (en español 46 Desapareciendo) es una serie turca de suspenso psicológico que explora los límites de la mente humana y las consecuencias de la obsesión científica. La trama gira en torno a Murat Günay, un profesor de genética que desarrolla un suero experimental capaz de alterar la personalidad y liberar impulsos reprimidos. Lo que comienza como un proyecto científico se convierte en una pesadilla cuando Murat empieza a perder el control sobre sí mismo y su entorno.",Episodios: 13;Título original: Yok Olan;Año: 2016;País: Turquía,46-desapareciendo-yok-olan-0.jpg;46-desapareciendo-yok-olan-1.jpg,episode,13,2.00
Novelas,"Dramas (coreanos, turcos, etc.)",ABISMO DE OSCURIDAD - KARANLIGIN UÇURUMU,20.00,"Un grupo de refugiados que huye de la guerra y la violencia en sus países termina en una isla aislada, controlada por una red criminal internacional. Allí son obligados a competir en juegos de supervivencia transmitidos en directo para apuestas ilegales. Solo quienes sobreviven obtienen la libertad, mientras los demás mueren. La serie expone temas de tráfico humano, explotación, apuestas clandestinas y lucha por la esperanza.",Episodios: 10;Título original: Asylum;Año: 2026;País: Turquía,abismo-de-oscuridad-karanligin-uurumu-0.jpg;abismo-de-oscuridad-karanligin-uurumu-1.jpg,episode,10,2.00
Novelas,"Dramas (coreanos, turcos, etc.)",ADELA,156.00,"Adela es la adaptación del drama turco 'O Hayat Benim' (Esa es mi vida). La trama gira en torno a dos hermanas, Adela y Andreea, que fueron criadas en un hogar pobre de un barrio marginal. Mientras Adela es capaz de renunciar a todo por su hermana, Andreea siente que todo lo que es de Adela también es suyo.",Episodios: 78;Título original: O Hayat Benim;Año: 2021–2022;País: Rumanía,adela-0.jpg;adela-1.jpg,episode,78,2.00
Novelas,"Dramas (coreanos, turcos, etc.)",AGENTES IMPLICADOS – MENTES OPUESTAS – MUHTESEM IKILI,80.00,"Muhteşem İkili (en español Agentes Implicados / Mentes Opuestas) es una serie turca de acción y crimen que sigue a dos policías con personalidades completamente diferentes que deben trabajar juntos para desmantelar una poderosa red criminal. La historia se centra en Mert Barca, un agente frío y calculador, y Mustafa Kerim Can (MKC), un policía impulsivo y carismático. Aunque sus métodos chocan, la fuerza de su alianza se convierte en la clave para enfrentar a sus enemigos.",Episodios: 40;Título original: Muhteşem İkili;Año de emisión: 2018–2019;País: Turquía,agentes-implicados-mentes-opuestas-muhtesem-ikili-0.jpg,episode,40,2.00
Novelas,"Dramas (coreanos, turcos, etc.)",AL MARGEN DE LA LEY - YASANIN KENARINDA,48.00,"La serie sigue a Ali Kemal Ateş, un agente secreto que trabaja infiltrado en organizaciones criminales mientras intenta proteger a su familia y mantener su identidad oculta. La trama mezcla acción, espionaje y drama personal, mostrando cómo Ali Kemal se mueve “al margen de la ley” para cumplir con su misión.",Episodios: 24;Título original: Kayıt Dışı;Año: 2017;País: Turquía,al-margen-de-la-ley-yasanin-kenarinda-0.jpg;al-margen-de-la-ley-yasanin-kenarinda-1.jpg,episode,24,2.00
Novelas,"Dramas (coreanos, turcos, etc.)",ALAS DE AMOR - ASK KANATLARI,138.00,"La historia sigue a Leyla, una joven que se casa por conveniencia y pronto descubre que su matrimonio la atrapa en una vida que no desea. Al huir con su hijo, conoce a Alper, un hombre marcado por la pérdida y la traición. Entre ellos surge un amor inesperado, pero deberán enfrentarse a secretos, venganzas y obstáculos familiares.",Episodios: 69;Título original: Bana Sevmeyi Anlat;Año: 2016–2017;País: Turquía,alas-de-amor-ask-kanatlari-0.webp,episode,69,2.00
Novelas,"Dramas (coreanos, turcos, etc.)",ALAS ROTAS - KIRIK KANATLAR,302.00,"Kırık Kanatlar (en español Alas Rotas) es una serie turca de drama histórico ambientada durante la Guerra de Independencia de Turquía (1919–1922). La trama se centra en Azize, una joven que se convierte en símbolo de resistencia y sacrificio, enfrentando la ocupación extranjera y las dificultades de la época. La serie muestra cómo las mujeres también fueron protagonistas en la lucha por la libertad, equilibrando el dolor personal con el deber patriótico.",Episodios: 151;Título original: Kırık Kanatlar;Año: 2006–2007;País: Turquía,alas-rotas-kirik-kanatlar-0.jpg;alas-rotas-kirik-kanatlar-1.jpg,episode,151,2.00
Novelas,"Dramas (coreanos, turcos, etc.)",ALEF,16.00,"La serie turca Alef es un thriller policíaco y místico estrenado en 2020, con dos temporadas hasta 2022. Se centra en detectives que investigan asesinatos en Estambul, vinculados con símbolos sufíes y secretos históricos. Es considerada una de las producciones más innovadoras del género en Turquía.",Episodios: 8;Título original: Alef;Año: 2020–2022;País: Turquía,alef-0.webp;alef-1.webp;alef-2.webp,episode,8,2.00
Novelas,"Dramas (coreanos, turcos, etc.)","ALMAS DE FUEGO",124.00,"La trama comienza cuando cinco amigos encuentran y crían a un bebé. El caos se desata cuando un hombre peligroso descubre al bebé y una mujer que lo busca muere accidentalmente. Con el tiempo, los amigos deberán enfrentar las consecuencias de su decisión.","Episodios: 62",almas-de-fuego-0.webp;almas-de-fuego-1.webp,episode,62,2.00
Novelas,"Dramas (coreanos, turcos, etc.)","ALMAS HERIDAS - (INOCENTES) - MASUMLAR",214.00,"Sinopsis no disponible","Episodios: 107; Título original: Masumlar",almas-heridas-inocentes-masumlar-0.webp;almas-heridas-inocentes-masumlar-1.webp,episode,107,2.00
Novelas,"Dramas (coreanos, turcos, etc.)","AMAR ES PRIMAVERA - ILKBAHARDA ASK",230.00,"Sinopsis no disponible","Episodios: 115; Título original: İlkbaharda Aşk",amar-es-primavera-ilkbaharda-ask-0.webp;amar-es-primavera-ilkbaharda-ask-1.webp,episode,115,2.00
Novelas,"Dramas (coreanos, turcos, etc.)","AMOR DE CONTRABANDO - KARA PARA ASK",334.00,"Un policía y la hija de un mafioso se unen para investigar la muerte de su prometida, mientras se ven envueltos en una red de crimen y dinero sucio.","Episodios: 167; Título original: Kara Para Aşk",amor-de-contrabando-kara-para-ask-0.webp;amor-de-contrabando-kara-para-ask-1.webp,episode,167,2.00
Novelas,"Dramas (coreanos, turcos, etc.)","AMOR DE FAMILIA - NUESTRA HISTORIA - BIZIM HIKAYE",400.00,"Adaptación turca de 'Shameless'. Sigue la vida de una familia disfuncional que lucha por sobrevivir en Estambul, liderada por una madre fuerte que debe cuidar de sus hijos mientras su padre es alcohólico.","Episodios: 200; Título original: Bizim Hikaye",amor-de-familia-nuestra-historia-bizim-hikaye-0.webp;amor-de-familia-nuestra-historia-bizim-hikaye-1.webp,episode,200,2.00
Novelas,"Dramas (coreanos, turcos, etc.)","AMOR EN BLANCO Y NEGRO - SIYAH BEYAZ ASK",128.00,"Sinopsis no disponible","Episodios: 64; Título original: Siyah Beyaz Aşk",amor-en-blanco-y-negro-siyah-beyaz-ask-0.webp;amor-en-blanco-y-negro-siyah-beyaz-ask-1.webp,episode,64,2.00
Novelas,"Dramas (coreanos, turcos, etc.)","AMOR EN EL AIRE - ME ROBASTE EL CORAZÓN - LLAMAS A MI PUERTA",284.00,"Eda, una joven florista, se ve obligada a fingir un compromiso con Serkan, un exitoso arquitecto, para recuperar una beca de estudios. Lo que empieza como un acuerdo se convierte en una apasionante historia de amor.","Episodios: 142; Título original: Sen Çal Kapımı",amor-en-el-aire-me-robaste-el-corazon-llamas-a-mi-puerta-0.webp;amor-en-el-aire-me-robaste-el-corazon-llamas-a-mi-puerta-1.webp,episode,142,2.00
Novelas,"Dramas (coreanos, turcos, etc.)","AMOR EN GUERRA - SURA & SEYIT",92.00,"Sinopsis no disponible","Episodios: 46; Título original: Sura & Seyit",amor-en-guerra-sura-seyit-0.webp;amor-en-guerra-sura-seyit-1.webp,episode,46,2.00
Novelas,"Dramas (coreanos, turcos, etc.)","AMOR EN LA AZOTEA - ÇATI KATI ASKI",120.00,"Sinopsis no disponible","Episodios: 60; Título original: Çatı Katı Aşkı",amor-en-la-azotea-cati-kati-aski-0.webp;amor-en-la-azotea-cati-kati-aski-1.webp,episode,60,2.00
Novelas,"Dramas (coreanos, turcos, etc.)","AMOR ETERNO - KARA SEVDA",916.00,"Un amor imposible entre Kemal, un joven de clase media, y Nihan, una mujer de clase alta. Separados por la familia de ella, Kemal regresa años después rico y buscando venganza, pero el amor sigue latente.","Episodios: 458; Título original: Kara Sevda",amor-eterno-kara-sevda-0.webp;amor-eterno-kara-sevda-1.webp,episode,458,2.00
Novelas,"Dramas (coreanos, turcos, etc.)","AMOR IMPOSIBLE - GÜLCEMAL",44.00,"Sinopsis no disponible","Episodios: 22; Título original: Gülcemal",amor-imposible-gulcemal-0.webp;amor-imposible-gulcemal-1.webp,episode,22,2.00
Novelas,"Dramas (coreanos, turcos, etc.)","AMOR INVENCIBLE - YENILMEZ ASK",192.00,"Sinopsis no disponible","Episodios: 96; Título original: Yenilmez Aşk",amor-invencible-yenilmez-ask-0.webp;amor-invencible-yenilmez-ask-1.webp,episode,96,2.00
Novelas,"Dramas (coreanos, turcos, etc.)","AMOR LOGICA VENFANZA – ASK MANTIK INTIKAM",214.00,"Sinopsis no disponible","Episodios: 107; Título original: Aşk Mantık İntikam",amor-logica-venfanza-ask-mantik-intikam-0.webp;amor-logica-venfanza-ask-mantik-intikam-1.webp,episode,107,2.00
Novelas,"Dramas (coreanos, turcos, etc.)","AMOR MANCHADO - TURK",60.00,"Sinopsis no disponible","Episodios: 30; Título original: Türk",amor-manchado-turk-0.webp;amor-manchado-turk-1.webp,episode,30,2.00
Novelas,"Dramas (coreanos, turcos, etc.)","AMOR OBSTINADO - INADINA ASK",194.00,"Sinopsis no disponible","Episodios: 97; Título original: İnatçı Aşk",amor-obstinado-inadina-ask-0.webp;amor-obstinado-inadina-ask-1.webp,episode,97,2.00
Novelas,"Dramas (coreanos, turcos, etc.)","AMOR SIN PALABRAS - HAYAT",164.00,"Sinopsis no disponible","Episodios: 82; Título original: Hayat",amor-sin-palabras-hayat-0.webp;amor-sin-palabras-hayat-1.webp,episode,82,2.00
Novelas,"Dramas (coreanos, turcos, etc.)","AMOR Y ODIO - ASK VE MAVI",538.00,"Sinopsis no disponible","Episodios: 269; Título original: Aşk ve Mavi",amor-y-odio-ask-ve-mavi-0.webp;amor-y-odio-ask-ve-mavi-1.webp,episode,269,2.00
Novelas,"Dramas (coreanos, turcos, etc.)","AMOR Y PECADO - ASK VE GÜNAH",240.00,"Sinopsis no disponible","Episodios: 120; Título original: Aşk ve Günah",amor-y-pecado-ask-ve-gunah-0.webp;amor-y-pecado-ask-ve-gunah-1.webp,episode,120,2.00
Novelas,"Dramas (coreanos, turcos, etc.)","AMOR Y VENGANZA - CEZUR",214.00,"Sinopsis no disponible","Episodios: 107; Título original: Cezur",amor-y-venganza-cezur-0.webp;amor-y-venganza-cezur-1.webp,episode,107,2.00
Novelas,"Dramas (coreanos, turcos, etc.)","AMORES CRUZADOS - INTERSECCIÓN - KAVSAK",150.00,"Sinopsis no disponible","Episodios: 75; Título original: Kavşak",amores-cruzados-interseccion-kavsak-0.webp;amores-cruzados-interseccion-kavsak-1.webp,episode,75,2.00
Novelas,"Dramas (coreanos, turcos, etc.)","BONDAD - LA TRAICIÓN - EL AMOR Y LA VENGANZA - IYILIK, IHANET VE INTIKAM",148.00,"Sinopsis no disponible","Episodios: 74; Título original: İyilik, İhanet ve İntikam",bondad-la-traicion-el-amor-y-la-venganza-iyilik-ihanet-ve-intikam-0.webp;bondad-la-traicion-el-amor-y-la-venganza-iyilik-ihanet-ve-intikam-1.webp,episode,74,2.00
Novelas,"Dramas (coreanos, turcos, etc.)","CANCIÓN DE VERANO - YAZ SARKISI",48.00,"Sinopsis no disponible","Episodios: 24; Título original: Yaz Şarkısı",cancion-de-verano-yaz-sarkisi-0.webp;cancion-de-verano-yaz-sarkisi-1.webp,episode,24,2.00
Novelas,"Dramas (coreanos, turcos, etc.)","CARTA DE DESPEDIDA - VEDA MEKTUBU",152.00,"Sinopsis no disponible","Episodios: 76; Título original: Veda Mektubu",carta-de-despedida-veda-mektubu-0.webp;carta-de-despedida-veda-mektubu-1.webp,episode,76,2.00
Novelas,"Dramas (coreanos, turcos, etc.)","CEMENTERIO - MEZARLIK",24.00,"Sinopsis no disponible","Episodios: 12; Título original: Mezarlık",cementerio-mezarlik-0.webp;cementerio-mezarlik-1.webp,episode,12,2.00
Novelas,"Dramas (coreanos, turcos, etc.)","CENNET TODO VUELVE – CENNETIN GÖZYASLARI",318.00,"Sinopsis no disponible","Episodios: 159; Título original: Cennet'in Gözyaşları",cennet-todo-vuelve-cennetin-gozyaslari-0.webp;cennet-todo-vuelve-cennetin-gozyaslari-1.webp,episode,159,2.00
Novelas,"Dramas (coreanos, turcos, etc.)","CHOQUE - CRASH - CARPRISMA",136.00,"Sinopsis no disponible","Episodios: 68; Título original: Çarpışma",choque-crash-carprisma-0.webp;choque-crash-carprisma-1.webp,episode,68,2.00
Novelas,"Dramas (coreanos, turcos, etc.)","CIUDAD CRUEL – ZALIM ISTANBUL",216.00,"Sinopsis no disponible","Episodios: 108; Título original: Zalim İstanbul",ciudad-cruel-zalim-istanbul-0.webp;ciudad-cruel-zalim-istanbul-1.webp,episode,108,2.00
Novelas,"Dramas (coreanos, turcos, etc.)","CIUDAD DEL MIRZA - MIRZAPUR TEMP. 1, 2, 3 x 29 FIN",58.00,"Sinopsis no disponible","Episodios: 29; Título original: Mirzapur",ciudad-del-mirza-mirzapur-temp-1-2-3-x-29-fin-0.webp;ciudad-del-mirza-mirzapur-temp-1-2-3-x-29-fin-1.webp,episode,29,2.00
Novelas,"Dramas (coreanos, turcos, etc.)","CLUB DE ESTAMBUL – ISTANBUL KULÜBÜ",20.00,"Sinopsis no disponible","Episodios: 10; Título original: İstanbul Kulübü",club-de-estambul-istanbul-kulubu-0.webp;club-de-estambul-istanbul-kulubu-1.webp,episode,10,2.00
Novelas,"Dramas (coreanos, turcos, etc.)","CLUB ESTAMBUL - ISTANBUL KULÜBÜ",40.00,"Sinopsis no disponible","Episodios: 20; Título original: İstanbul Kulübü",club-estambul-istanbul-kulubu-0.webp;club-estambul-istanbul-kulubu-1.webp,episode,20,2.00
Novelas,"Dramas (coreanos, turcos, etc.)","COLLAR POLVORIENTO - CHICOS DE BARRIO - TOZLUVAKA",160.00,"Sinopsis no disponible","Episodios: 80; Título original: Tozluvaka",collar-polvoriento-chicos-de-barrio-tozluvaka-0.webp;collar-polvoriento-chicos-de-barrio-tozluvaka-1.webp,episode,80,2.00
Novelas,"Dramas (coreanos, turcos, etc.)","COMBINACIÓN PERFECTA - MÜKEMMEL UYUM",66.00,"Sinopsis no disponible","Episodios: 33; Título original: Mükemmel Uyum",combinacion-perfecta-mukemmel-uyum-0.webp;combinacion-perfecta-mukemmel-uyum-1.webp,episode,33,2.00
Novelas,"Dramas (coreanos, turcos, etc.)","COMO VUELA EL CUERVO - LAS ALAS DE LA AMBICIÓN - KUS UÇUSU",48.00,"Sinopsis no disponible","Episodios: 24; Título original: Kuş Uçuşu",como-vuela-el-cuervo-las-alas-de-la-ambicion-kus-ucusu-0.webp;como-vuela-el-cuervo-las-alas-de-la-ambicion-kus-ucusu-1.webp,episode,24,2.00
Novelas,"Dramas (coreanos, turcos, etc.)","CON OLOR A FRESA – ÇILEK KOKUSU",110.00,"Sinopsis no disponible","Episodios: 55; Título original: Çilek Kokusu",con-olor-a-fresa-cilek-kokusu-0.webp;con-olor-a-fresa-cilek-kokusu-1.webp,episode,55,2.00
Novelas,"Dramas (coreanos, turcos, etc.)","CONVIRTIÉNDOSE EN UNA DAMA - GÖNÜLCELEN",224.00,"Sinopsis no disponible","Episodios: 112; Título original: Gönülcelen",convirtiendose-en-una-dama-gonulcelen-0.webp;convirtiendose-en-una-dama-gonulcelen-1.webp,episode,112,2.00
Novelas,"Dramas (coreanos, turcos, etc.)","CORAZONES HUÉRFANOS - YETIM KALPLER",68.00,"Sinopsis no disponible","Episodios: 34; Título original: Yetim Kalpler",corazones-huerfanos-yetim-kalpler-0.webp;corazones-huerfanos-yetim-kalpler-1.webp,episode,34,2.00
Novelas,"Dramas (coreanos, turcos, etc.)","CORAZÓN HERIDO - HERIDAS DEL CORAZÓN – KALP YARASI",214.00,"Sinopsis no disponible","Episodios: 107; Título original: Kalp Yarasi",corazon-herido-heridas-del-corazon-kalp-yarasi-0.webp;corazon-herido-heridas-del-corazon-kalp-yarasi-1.webp,episode,107,2.00
Novelas,"Dramas (coreanos, turcos, etc.)","CRASH – ÇARPISMA",136.00,"Sinopsis no disponible","Episodios: 68; Título original: Çarpışma",crash-carpisma-0.webp;crash-carpisma-1.webp,episode,68,2.00
Novelas,"Dramas (coreanos, turcos, etc.)","CUENTOS DE INVIERNO - KIS MASALI",66.00,"Sinopsis no disponible","Episodios: 33; Título original: Kış Masalı",cuentos-de-invierno-kis-masali-0.webp;cuentos-de-invierno-kis-masali-1.webp,episode,33,2.00
Novelas,"Dramas (coreanos, turcos, etc.)","CUENTOS DE LA ISLA - ADA MASALI",166.00,"Sinopsis no disponible","Episodios: 83; Título original: Ada Masalı",cuentos-de-la-isla-ada-masali-0.webp;cuentos-de-la-isla-ada-masali-1.webp,episode,83,2.00
Novelas,"Dramas (coreanos, turcos, etc.)","CUERVO - KUZGUN",142.00,"Sinopsis no disponible","Episodios: 71; Título original: Kuzgun",cuervo-kuzgun-0.webp;cuervo-kuzgun-1.webp,episode,71,2.00
Novelas,"Dramas (coreanos, turcos, etc.)","CUESTIÓN DE HONOR - NAMUS MESELESI",122.00,"Sinopsis no disponible","Episodios: 61; Título original: Namus Meselesi",cuestion-de-honor-namus-meselesi-0.webp;cuestion-de-honor-namus-meselesi-1.webp,episode,61,2.00
Novelas,"Dramas (coreanos, turcos, etc.)","CUKUR - EL NIÑO",312.00,"Sinopsis no disponible","Episodios: 156; Título original: Çukur",cukur-el-nino-0.webp;cukur-el-nino-1.webp,episode,156,2.00
Novelas,"Dramas (coreanos, turcos, etc.)","DE QUIÉN HUÍMOS MAMÁ - KIZIM NEREDE",14.00,"Sinopsis no disponible","Episodios: 7; Título original: Kızım Nerede",de-quien-huimos-mama-kizim-nerede-0.webp;de-quien-huimos-mama-kizim-nerede-1.webp,episode,7,2.00
Novelas,"Dramas (coreanos, turcos, etc.)","DONDE ESTÁ MI HIJA - KIZIM NEREDE",124.00,"Sinopsis no disponible","Episodios: 62; Título original: Kızım Nerede",donde-esta-mi-hija-kizim-nerede-0.webp;donde-esta-mi-hija-kizim-nerede-1.webp,episode,62,2.00
Novelas,"Dramas (coreanos, turcos, etc.)","DULCE VENGANZA - TATLI INTIKAM",196.00,"Sinopsis no disponible","Episodios: 98; Título original: Tatlı İntikam",dulce-venganza-tatli-intikam-0.webp;dulce-venganza-tatli-intikam-1.webp,episode,98,2.00
Novelas,"Dramas (coreanos, turcos, etc.)","EL JOVEN GENIO SINA - GENÇ DAHI SINA",20.00,"Sinopsis no disponible","Episodios: 10; Título original: Genç Dahi Sina",el-joven-genio-sina-genc-dahi-sina-0.webp;el-joven-genio-sina-genc-dahi-sina-1.webp,episode,10,2.00
Novelas,"Dramas (coreanos, turcos, etc.)","EL AMOR MÁS HERMOSO - ASKLARIN EN GÜZEL",100.00,"Sinopsis no disponible","Episodios: 50; Título original: Aşkların En Güzel",el-amor-mas-hermoso-asklarin-en-guzel-0.webp;el-amor-mas-hermoso-asklarin-en-guzel-1.webp,episode,50,2.00
Novelas,"Dramas (coreanos, turcos, etc.)","EL CAMINO DE LA VIDA - HAYAT YOLU",64.00,"Sinopsis no disponible","Episodios: 32; Título original: Hayat Yolu",el-camino-de-la-vida-hayat-yolu-0.webp;el-camino-de-la-vida-hayat-yolu-1.webp,episode,32,2.00
Novelas,"Dramas (coreanos, turcos, etc.)","EL CORAZÓN DE LA CIUDAD – BU SEHIR ARKANDAN GELECEK",66.00,"Sinopsis no disponible","Episodios: 33; Título original: Bu Şehir Arkandan Gelecek",el-corazon-de-la-ciudad-bu-sehir-arkandan-gelecek-0.webp;el-corazon-de-la-ciudad-bu-sehir-arkandan-gelecek-1.webp,episode,33,2.00
Novelas,"Dramas (coreanos, turcos, etc.)","EL CORAZÓN DE RÜZGAR - RÜZGARIN KALBI",54.00,"Sinopsis no disponible","Episodios: 27; Título original: Rüzgarın Kalbi",el-corazon-de-ruzgar-ruzgarin-kalbi-0.webp;el-corazon-de-ruzgar-ruzgarin-kalbi-1.webp,episode,27,2.00
Novelas,"Dramas (coreanos, turcos, etc.)","EL CUERVO - KUZGUN",142.00,"Sinopsis no disponible","Episodios: 71; Título original: Kuzgun",el-cuervo-kuzgun-0.webp;el-cuervo-kuzgun-1.webp,episode,71,2.00
Novelas,"Dramas (coreanos, turcos, etc.)","EL DESTINO - KADER",60.00,"Sinopsis no disponible","Episodios: 30; Título original: Kader",el-destino-kader-0.webp;el-destino-kader-1.webp,episode,30,2.00
Novelas,"Dramas (coreanos, turcos, etc.)","EL FUEGO DEL DESTINO - KADERIN ATESI",96.00,"Sinopsis no disponible","Episodios: 48; Título original: Kaderin Ateşi",el-fuego-del-destino-kaderin-atesi-0.webp;el-fuego-del-destino-kaderin-atesi-1.webp,episode,48,2.00
Novelas,"Dramas (coreanos, turcos, etc.)","EL FUEGO EN NOSOTROS - BIZDEKI ATES",40.00,"Sinopsis no disponible","Episodios: 20; Título original: Bizdeki Ateş",el-fuego-en-nosotros-bizdeki-ates-0.webp;el-fuego-en-nosotros-bizdeki-ates-1.webp,episode,20,2.00
Novelas,"Dramas (coreanos, turcos, etc.)","EL FÉNIX – ZÜMRÜDÜANKA",100.00,"Sinopsis no disponible","Episodios: 50; Título original: Zümrüdüanka",el-fenix-zumruduanka-0.webp;el-fenix-zumruduanka-1.webp,episode,50,2.00
Novelas,"Dramas (coreanos, turcos, etc.)","EL HOMBRE EQUIVOCADO - BAY YANLIS",28.00,"Sinopsis no disponible","Episodios: 14; Título original: Bay Yanlış",el-hombre-equivocado-bay-yanlis-0.webp;el-hombre-equivocado-bay-yanlis-1.webp,episode,14,2.00
Novelas,"Dramas (coreanos, turcos, etc.)","EL JARDÍN SECRETO - GIZLI BAHÇE",36.00,"Sinopsis no disponible","Episodios: 18; Título original: Gizli Bahçe",el-jardin-secreto-gizli-bahce-0.webp;el-jardin-secreto-gizli-bahce-1.webp,episode,18,2.00
Novelas,"Dramas (coreanos, turcos, etc.)","EL JUEGO DE MI DESTINO - AMOR Y TRAICIÓN - KADERIMIN OYUNU",170.00,"Sinopsis no disponible","Episodios: 85; Título original: Kaderimin Oyunu",el-juego-de-mi-destino-amor-y-traicion-kaderimin-oyunu-0.webp;el-juego-de-mi-destino-amor-y-traicion-kaderimin-oyunu-1.webp,episode,85,2.00
Novelas,"Dramas (coreanos, turcos, etc.)","EL LEGADO DE AMOR - EMANET",0.00,"Sinopsis no disponible","Episodios: ?; Título original: Emanet",el-legado-de-amor-emanet-0.webp;el-legado-de-amor-emanet-1.webp,episode,0,0.00
Novelas,"Dramas (coreanos, turcos, etc.)","EL NIÑO – ÇOCUK",124.00,"Sinopsis no disponible","Episodios: 62; Título original: Çocuk",el-nino-cocuk-0.webp;el-nino-cocuk-1.webp,episode,62,2.00
Novelas,"Dramas (coreanos, turcos, etc.)","EL OLOR DE UN NIÑO - BIR ÇOCUGUN KOKUSU",72.00,"Sinopsis no disponible","Episodios: 36; Título original: Bir Çocuğun Kokusu",el-olor-de-un-nino-bir-cocugun-kokusu-0.webp;el-olor-de-un-nino-bir-cocugun-kokusu-1.webp,episode,36,2.00
Novelas,"Dramas (coreanos, turcos, etc.)","EL PADRE - BABA",448.00,"Sinopsis no disponible","Episodios: 224; Título original: Baba",el-padre-baba-0.webp;el-padre-baba-1.webp,episode,224,2.00
Novelas,"Dramas (coreanos, turcos, etc.)","EL PATIO - AVLU",290.00,"Sinopsis no disponible","Episodios: 145; Título original: Avlu",el-patio-avlu-0.webp;el-patio-avlu-1.webp,episode,145,2.00
Novelas,"Dramas (coreanos, turcos, etc.)","EL PAÑUELO ROJO - KIRMIZI MENDIL",176.00,"Sinopsis no disponible","Episodios: 88; Título original: Kırmızı Mendil",el-panuelo-rojo-kirmizi-mendil-0.webp;el-panuelo-rojo-kirmizi-mendil-1.webp,episode,88,2.00
Novelas,"Dramas (coreanos, turcos, etc.)","EL POZO - CUKUR",310.00,"Sinopsis no disponible","Episodios: 155; Título original: Çukur",el-pozo-cukur-0.webp;el-pozo-cukur-1.webp,episode,155,2.00
Novelas,"Dramas (coreanos, turcos, etc.)","EL PRECIO DEL AMOR - ASKIN BEDELI",52.00,"Sinopsis no disponible","Episodios: 26; Título original: Aşkın Bedeli",el-precio-del-amor-askin-bedeli-0.webp;el-precio-del-amor-askin-bedeli-1.webp,episode,26,2.00
Novelas,"Dramas (coreanos, turcos, etc.)","EL SASTRE - TERZI",46.00,"Sinopsis no disponible","Episodios: 23; Título original: Terzi",el-sastre-terzi-0.webp;el-sastre-terzi-1.webp,episode,23,2.00
Novelas,"Dramas (coreanos, turcos, etc.)","EL SECRETO - SIR",76.00,"Sinopsis no disponible","Episodios: 38; Título original: Sır",el-secreto-sir-0.webp;el-secreto-sir-1.webp,episode,38,2.00
Novelas,"Dramas (coreanos, turcos, etc.)","EL SECRETO DE FERIHA – ADINI FERIHA KOYDUM",332.00,"Sinopsis no disponible","Episodios: 166; Título original: Adını Feriha Koydum",el-secreto-de-feriha-adini-feriha-koydum-0.webp;el-secreto-de-feriha-adini-feriha-koydum-1.webp,episode,166,2.00
Novelas,"Dramas (coreanos, turcos, etc.)","EL TURCO",12.00,"Sinopsis no disponible","Episodios: 6",el-turco-0.webp;el-turco-1.webp,episode,6,2.00
Novelas,"Dramas (coreanos, turcos, etc.)","EN BUSCA DE MI HIJA - HÍCRAN",254.00,"Sinopsis no disponible","Episodios: 127; Título original: Hıçran",en-busca-de-mi-hija-hicran-0.webp;en-busca-de-mi-hija-hicran-1.webp,episode,127,2.00
Novelas,"Dramas (coreanos, turcos, etc.)","EN LAS BUENAS Y EN LAS MALAS - IYI GÜNDE KÖTÜ GÜNDE",40.00,"Sinopsis no disponible","Episodios: 20; Título original: İyi Günde Kötü Günde",en-las-buenas-y-en-las-malas-iyi-gunde-kotu-gunde-0.webp;en-las-buenas-y-en-las-malas-iyi-gunde-kotu-gunde-1.webp,episode,20,2.00
Novelas,"Dramas (coreanos, turcos, etc.)","EN TODAS PARTES TÚ – HER YERDE SEN",108.00,"Sinopsis no disponible","Episodios: 54; Título original: Her Yerde Sen",en-todas-partes-tu-her-yerde-sen-0.webp;en-todas-partes-tu-her-yerde-sen-1.webp,episode,54,2.00
Novelas,"Dramas (coreanos, turcos, etc.)","ENAMORADOS ANÓNIMOS - ANONIM ÂSIKLAR",16.00,"Sinopsis no disponible","Episodios: 8; Título original: Anonim Âşıklar",enamorados-anonimos-anonim-asiklar-0.webp;enamorados-anonimos-anonim-asiklar-1.webp,episode,8,2.00
Novelas,"Dramas (coreanos, turcos, etc.)","ENTRE DOS AMORES - IKI ASK ARASINDA",238.00,"Sinopsis no disponible","Episodios: 119; Título original: İki Aşk Arasında",entre-dos-amores-iki-ask-arasinda-0.webp;entre-dos-amores-iki-ask-arasinda-1.webp,episode,119,2.00
Novelas,"Dramas (coreanos, turcos, etc.)","ENTRE EL AMOR Y LA VENGANZA - HERCAI",0.00,"Sinopsis no disponible","Episodios: ?; Título original: Hercai",entre-el-amor-y-la-venganza-hercai-0.webp;entre-el-amor-y-la-venganza-hercai-1.webp,episode,0,0.00
Novelas,"Dramas (coreanos, turcos, etc.)","ESCONDIÉNDO A NUESTRA MADRE - ANNEMIZI SAKLARKEN",48.00,"Sinopsis no disponible","Episodios: 24; Título original: Annemizi Saklarken",escondiendo-a-nuestra-madre-annemizi-saklarken-0.webp;escondiendo-a-nuestra-madre-annemizi-saklarken-1.webp,episode,24,2.00
Novelas,"Dramas (coreanos, turcos, etc.)","ESCORPIÓN – AKREP",168.00,"Sinopsis no disponible","Episodios: 84; Título original: Akrep",escorpion-akrep-0.webp;escorpion-akrep-1.webp,episode,84,2.00
Novelas,"Dramas (coreanos, turcos, etc.)","ESCÓNDEME - PERDIDOS EN EL AMOR - ASKTA KAYBOLANLAR",130.00,"Sinopsis no disponible","Episodios: 65; Título original: Aşkta Kaybolanlar",escondeme-perdidos-en-el-amor-askta-kaybolanlar-0.webp;escondeme-perdidos-en-el-amor-askta-kaybolanlar-1.webp,episode,65,2.00
Novelas,"Dramas (coreanos, turcos, etc.)","ESCÚCHAME - BENI DINLE",120.00,"Sinopsis no disponible","Episodios: 60; Título original: Beni Dinle",escuchame-beni-dinle-0.webp;escuchame-beni-dinle-1.webp,episode,60,2.00
Novelas,"Dramas (coreanos, turcos, etc.)","ESMIRNA – GÜNESIN KIZLARI",206.00,"Sinopsis no disponible","Episodios: 103; Título original: Güneşin Kızları",esmirna-gunesin-kizlari-0.webp;esmirna-gunesin-kizlari-1.webp,episode,103,2.00
Novelas,"Dramas (coreanos, turcos, etc.)","EXILIO AZUL - ATRAPADA EN LA JAULA AZUL - MAVIYE SÜRGÜN",156.00,"Sinopsis no disponible","Episodios: 78; Título original: Maviye Sürgün",exilio-azul-atrapada-en-la-jaula-azul-maviye-surgun-0.webp;exilio-azul-atrapada-en-la-jaula-azul-maviye-surgun-1.webp,episode,78,2.00
Novelas,"Dramas (coreanos, turcos, etc.)",EZEL,302.00,"Sinopsis no disponible","Episodios: 151; Título original: Ezel",ezel-0.webp;ezel-1.webp,episode,151,2.00
Novelas,"Dramas (coreanos, turcos, etc.)","FAMILIA - AILE",190.00,"Sinopsis no disponible","Episodios: 95; Título original: Aile",familia-aile-0.webp;familia-aile-1.webp,episode,95,2.00
Novelas,"Dramas (coreanos, turcos, etc.)","FATMAGÜL - FATMAGÜL'ÜN SUÇU NE",162.00,"Sinopsis no disponible","Episodios: 81; Título original: Fatmagül'ün Suçu Ne",fatmagul-fatmagulun-sucu-ne-0.webp;fatmagul-fatmagulun-sucu-ne-1.webp,episode,81,2.00
Novelas,"Dramas (coreanos, turcos, etc.)","FERHAT Y SIRIN - FERHAT ILE SIRIN",30.00,"Sinopsis no disponible","Episodios: 15; Título original: Ferhat ile Şirin",ferhat-y-sirin-ferhat-ile-sirin-0.webp;ferhat-y-sirin-ferhat-ile-sirin-1.webp,episode,15,2.00
Novelas,"Dramas (coreanos, turcos, etc.)",FI,70.00,"Sinopsis no disponible","Episodios: 35; Título original: Fi",fi-0.webp;fi-1.webp,episode,35,2.00
Novelas,"Dramas (coreanos, turcos, etc.)","FUEGO FUEGO – ATES ATES",182.00,"Sinopsis no disponible","Episodios: 91; Título original: Ateş Ateş",fuego-fuego-ates-ates-0.webp;fuego-fuego-ates-ates-1.webp,episode,91,2.00
Novelas,"Dramas (coreanos, turcos, etc.)","GRANDES MENTIRAS - BÜYÜK YALANLAR",74.00,"Sinopsis no disponible","Episodios: 37; Título original: Büyük Yalanlar",grandes-mentiras-buyuk-yalanlar-0.webp;grandes-mentiras-buyuk-yalanlar-1.webp,episode,37,2.00
Novelas,"Dramas (coreanos, turcos, etc.)","GRITOS DE AMOR – ASK ÇIGLIKLARI",92.00,"Sinopsis no disponible","Episodios: 46; Título original: Aşk Çığlıkları",gritos-de-amor-ask-cigliklari-0.webp;gritos-de-amor-ask-cigliklari-1.webp,episode,46,2.00
Novelas,"Dramas (coreanos, turcos, etc.)","GUERRA DE ROSAS - GÜLLERIN SAVASI",296.00,"Sinopsis no disponible","Episodios: 148; Título original: Güllerin Savaşı",guerra-de-rosas-gullerin-savasi-0.webp;guerra-de-rosas-gullerin-savasi-1.webp,episode,148,2.00
Novelas,"Dramas (coreanos, turcos, etc.)","GÖNÜL",38.00,"Sinopsis no disponible","Episodios: 19; Título original: Gönül",gonul-0.webp;gonul-1.webp,episode,19,2.00
Novelas,"Dramas (coreanos, turcos, etc.)","HABITACIÓN 309 - No. 309",404.00,"Sinopsis no disponible","Episodios: 202; Título original: No. 309",habitacion-309-no-309-0.webp;habitacion-309-no-309-1.webp,episode,202,2.00
Novelas,"Dramas (coreanos, turcos, etc.)","HASTA EL FINAL - NO ME DEJES IR - ASLA VAZGECMEN",344.00,"Sinopsis no disponible","Episodios: 172; Título original: Asla Vazgeçmem",hasta-el-final-no-me-dejes-ir-asla-vazgecmem-0.webp;hasta-el-final-no-me-dejes-ir-asla-vazgecmem-1.webp,episode,172,2.00
Novelas,"Dramas (coreanos, turcos, etc.)","HAY SULTÁN - ABDULKA DIR GEGLANI HAZRETLEZLERI",40.00,"Sinopsis no disponible","Episodios: 20; Título original: Hazretleri",hay-sultan-abdulka-dir-geglani-hazretle-zleri-0.webp;hay-sultan-abdulka-dir-geglani-hazretle-zleri-1.webp,episode,20,2.00
Novelas,"Dramas (coreanos, turcos, etc.)","HERIDA DEL CORAZÓN - KALP YARASI",214.00,"Sinopsis no disponible","Episodios: 107; Título original: Kalp Yarasi",herida-del-corazon-kalp-yarasi-0.webp;herida-del-corazon-kalp-yarasi-1.webp,episode,107,2.00
Novelas,"Dramas (coreanos, turcos, etc.)","HERMANAS - KARDESLER",16.00,"Sinopsis no disponible","Episodios: 8; Título original: Kardeşler",hermanas-kardesler-0.webp;hermanas-kardesler-1.webp,episode,8,2.00
Novelas,"Dramas (coreanos, turcos, etc.)","HERMOSAS CAMPESINAS - GÜZEL KÖYLÜ",212.00,"Sinopsis no disponible","Episodios: 106; Título original: Güzel Köylü",hermosas-campesinas-guzel-koylu-0.webp;hermosas-campesinas-guzel-koylu-1.webp,episode,106,2.00
Novelas,"Dramas (coreanos, turcos, etc.)","HIEDRA VENENOSA - ZEHIRLI SARMASIK",46.00,"Sinopsis no disponible","Episodios: 23; Título original: Zehirli Sarmaşık",hiedra-venenosa-zehirli-sarmasik-0.webp;hiedra-venenosa-zehirli-sarmasik-1.webp,episode,23,2.00
Novelas,"Dramas (coreanos, turcos, etc.)","HIJO, DÓNDE ESTÁS - OGUL, NEREDESIN",90.00,"Sinopsis no disponible","Episodios: 45; Título original: Oğul, Neredesin",hijo-donde-estas-ogul-neredesin-0.webp;hijo-donde-estas-ogul-neredesin-1.webp,episode,45,2.00
Novelas,"Dramas (coreanos, turcos, etc.)",HOLDING,40.00,"Sinopsis no disponible","Episodios: 20; Título original: Holding",holding-0.webp;holding-1.webp,episode,20,2.00
Novelas,"Dramas (coreanos, turcos, etc.)","HONOR Y RESPETO - KÜBRA",32.00,"Sinopsis no disponible","Episodios: 16; Título original: Kübra",honor-y-respeto-kubra-0.webp;honor-y-respeto-kubra-1.webp,episode,16,2.00
Novelas,"Dramas (coreanos, turcos, etc.)","IDENTIDAD OCULTA - SOL DE INVIERNO - KIS GÜNESI",60.00,"Sinopsis no disponible","Episodios: 30; Título original: Kış Güneşi",identidad-oculta-sol-de-invierno-kis-gunesi-0.webp;identidad-oculta-sol-de-invierno-kis-gunesi-1.webp,episode,30,2.00
Novelas,"Dramas (coreanos, turcos, etc.)","INFIEL - TRAICIONADA - SADAKATSIZ",210.00,"Sinopsis no disponible","Episodios: 105; Título original: Sadakatsiz",infiel-traicionada-sadakatsiz-0.webp;infiel-traicionada-sadakatsiz-1.webp,episode,105,2.00
Novelas,"Dramas (coreanos, turcos, etc.)","INVENCIBLE - A.Z.I.Z",182.00,"Sinopsis no disponible","Episodios: 91; Título original: A.Z.I.Z",invencible-a-z-i-z-0.webp;invencible-a-z-i-z-1.webp,episode,91,2.00
Novelas,"Dramas (coreanos, turcos, etc.)","INVIERNO – KIS MASALI",66.00,"Sinopsis no disponible","Episodios: 33; Título original: Kış Masalı",invierno-kis-masali-0.webp;invierno-kis-masali-1.webp,episode,33,2.00
Novelas,"Dramas (coreanos, turcos, etc.)","JAULA DORADA - ALTIN KAFES",40.00,"Sinopsis no disponible","Episodios: 20; Título original: Altın Kafes",jaula-dorada-altin-kafes-0.webp;jaula-dorada-altin-kafes-1.webp,episode,20,2.00
Novelas,"Dramas (coreanos, turcos, etc.)","JUEGO DE AMOR - SEVEN NE YAPMAZ",66.00,"Sinopsis no disponible","Episodios: 33; Título original: Seven Ne Yapmaz",juego-de-amor-seven-ne-yapmaz-0.webp;juego-de-amor-seven-ne-yapmaz-1.webp,episode,33,2.00
Novelas,"Dramas (coreanos, turcos, etc.)","JUEGO DESDE LA MIRADA DEL HOMBRE - EGO - ERKEÚN GÓZÚNDEN OYUN",26.00,"Sinopsis no disponible","Episodios: 13; Título original: Ego - Erkeğin Gözünden Oyun",juego-desde-la-mirada-del-hombre-ego-erkeun-gozunden-oyun-0.webp;juego-desde-la-mirada-del-hombre-ego-erkeun-gozunden-oyun-1.webp,episode,13,2.00
Novelas,"Dramas (coreanos, turcos, etc.)","JUEGOS DEL DESTINO – KADER OYUNLARI",116.00,"Sinopsis no disponible","Episodios: 58; Título original: Kader Oyunları",juegos-del-destino-kader-oyunlari-0.webp;juegos-del-destino-kader-oyunlari-1.webp,episode,58,2.00
Novelas,"Dramas (coreanos, turcos, etc.)","KOSEM LA SULTANA - MUHTESEM YÜZYIL KÖSEM",230.00,"Sinopsis no disponible","Episodios: 115; Título original: Muhteşem Yüzyıl Kösem",kosem-la-sultana-muhtesem-yuzyil-kosem-0.webp;kosem-la-sultana-muhtesem-yuzyil-kosem-1.webp,episode,115,2.00
Novelas,"Dramas (coreanos, turcos, etc.)","LA HISTORIA DE BLANCO Y NEGRO QUE SE TRASNFORMA EN GRIS - PIYASA",12.00,"Sinopsis no disponible","Episodios: 6; Título original: Piyasa",la-historia-de-blanco-y-negro-que-se-trasnforma-en-gris-piyasa-0.webp;la-historia-de-blanco-y-negro-que-se-trasnforma-en-gris-piyasa-1.webp,episode,6,2.00
Novelas,"Dramas (coreanos, turcos, etc.)","LA HISTORIA DE NUNCA ACABAR – HIÇ BITMEYEN HIKAYE",44.00,"Sinopsis no disponible","Episodios: 22; Título original: Hiç Bitmeyen Hikaye",la-historia-de-nunca-acabar-hic-bitmeyen-hikaye-0.webp;la-historia-de-nunca-acabar-hic-bitmeyen-hikaye-1.webp,episode,22,2.00
Novelas,"Dramas (coreanos, turcos, etc.)","LA NIÑA DEL VALLE VERDE – YESIL VADI’NIN KIZI",280.00,"Sinopsis no disponible","Episodios: 140; Título original: Yeşil Vadi'nin Kızı",la-nina-del-valle-verde-yesil-vadi-nin-kizi-0.webp;la-nina-del-valle-verde-yesil-vadi-nin-kizi-1.webp,episode,140,2.00
Novelas,"Dramas (coreanos, turcos, etc.)","LA NOVIA DE ESTAMBUL - ETERNAMENTE - ISTANBULLU GELIN",658.00,"Sinopsis no disponible","Episodios: 329; Título original: İstanbullu Gelin",la-novia-de-estambul-eternamente-istanbullu-gelin-0.webp;la-novia-de-estambul-eternamente-istanbullu-gelin-1.webp,episode,329,2.00
Novelas,"Dramas (coreanos, turcos, etc.)","LA SEÑORA FAZILET Y SUS HIJAS - FAZILET HANIM VE KIZLARI",330.00,"Sinopsis no disponible","Episodios: 165; Título original: Fazilet Hanım ve Kızları",la-senora-fazilet-y-sus-hijas-fazilet-hanim-ve-kizlari-0.webp;la-senora-fazilet-y-sus-hijas-fazilet-hanim-ve-kizlari-1.webp,episode,165,2.00
Novelas,"Dramas (coreanos, turcos, etc.)","LA TRAICIÓN - LA GRAN MENTIRA - IYILIK",170.00,"Sinopsis no disponible","Episodios: 85; Título original: İyilik",la-traicion-la-gran-mentira-iyilik-0.webp;la-traicion-la-gran-mentira-iyilik-1.webp,episode,85,2.00
Novelas,"Dramas (coreanos, turcos, etc.)","LA VERDAD - MARASLI",120.00,"Sinopsis no disponible","Episodios: 60; Título original: Maraşlı",la-verdad-marasli-0.webp;la-verdad-marasli-1.webp,episode,60,2.00
Novelas,"Dramas (coreanos, turcos, etc.)","LATIDOS DEL CORAZÓN - KALP ATISI",148.00,"Sinopsis no disponible","Episodios: 74; Título original: Kalp Atışı",latidos-del-corazon-kalp-atisi-0.webp;latidos-del-corazon-kalp-atisi-1.webp,episode,74,2.00
Novelas,"Dramas (coreanos, turcos, etc.)","LLAMAS DEL DESTINO – ALEV ALEV",56.00,"Sinopsis no disponible","Episodios: 28; Título original: Alev Alev",llamas-del-destino-alev-alev-0.webp;llamas-del-destino-alev-alev-1.webp,episode,28,2.00
Novelas,"Dramas (coreanos, turcos, etc.)","LOBO - BÓRÚ",12.00,"Sinopsis no disponible","Episodios: 6; Título original: Börü",lobo-boru-0.webp;lobo-boru-1.webp,episode,6,2.00
Novelas,"Dramas (coreanos, turcos, etc.)","LOBO - BÖRÜ",12.00,"Sinopsis no disponible","Episodios: 6; Título original: Börü",lobo-boru-6-0.webp;lobo-boru-6-1.webp,episode,6,2.00
Novelas,"Dramas (coreanos, turcos, etc.)",LOVE IS IN THE AIR – SEN ÇAL KAPIMI,322.00,"Eda, una joven florista, pierde su beca universitaria por culpa de Serkan, un exitoso arquitecto. Él le propone fingir un compromiso durante dos meses para salvar su reputación. Lo que empieza como un contrato falso se convierte en una historia de amor llena de enredos, humor y segundas oportunidades.",Episodios: 161;Título original: Sen Çal Kapımı.;País: Turquía,love-is-in-the-air-sen-cal-kapimi-0.webp;love-is-in-the-air-sen-cal-kapimi-1.webp,episode,161,2.00
Novelas,"Dramas (coreanos, turcos, etc.)","LUCIÉRNAGA - ATESBÖCEGI",102.00,"Sinopsis no disponible","Episodios: 51; Título original: Ateşböceği",lucirnaga-atesbocegi-0.webp;lucirnaga-atesbocegi-1.webp,episode,51,2.00
Novelas,"Dramas (coreanos, turcos, etc.)","LUNA LLENA - DONULAY",138.00,"Sinopsis no disponible","Episodios: 69; Título original: Dolunay",luna-llena-donulay-0.webp;luna-llena-donulay-1.webp,episode,69,2.00
Novelas,"Dramas (coreanos, turcos, etc.)",MADRASTRA,80.00,"Sinopsis no disponible","Episodios: 40",madrastra-0.webp;madrastra-1.webp,episode,40,2.00
Novelas,"Dramas (coreanos, turcos, etc.)","MADRE, TODO POR MI HIJA - ANNE",222.00,"Sinopsis no disponible","Episodios: 111; Título original: Anne",madre-todo-por-mi-hija-anne-0.webp;madre-todo-por-mi-hija-anne-1.webp,episode,111,2.00
Novelas,"Dramas (coreanos, turcos, etc.)","MADRES E HIJAS - ANNE VE KAZLARI",52.00,"Sinopsis no disponible","Episodios: 26; Título original: Anne ve Kızları",madres-e-hijas-anne-ve-kazlari-0.webp;madres-e-hijas-anne-ve-kazlari-1.webp,episode,26,2.00
Novelas,"Dramas (coreanos, turcos, etc.)","MARTÍN PESCADOR - UNA NUEVA VIDA - YENI BIR HAYAT",742.00,"Sinopsis no disponible","Episodios: 371; Título original: Yeni Bir Hayat",martin-pescador-una-nueva-vida-yeni-bir-hayat-0.webp;martin-pescador-una-nueva-vida-yeni-bir-hayat-1.webp,episode,371,2.00
Novelas,"Dramas (coreanos, turcos, etc.)",MEDCEZIR,326.00,"Sinopsis no disponible","Episodios: 163; Título original: Medcezir",medcezir-0.webp;medcezir-1.webp,episode,163,2.00
Novelas,"Dramas (coreanos, turcos, etc.)",MERYEM,188.00,"Sinopsis no disponible","Episodios: 94; Título original: Meryem",meryem-0.webp;meryem-1.webp,episode,94,2.00
Novelas,"Dramas (coreanos, turcos, etc.)","METAMORFOSIS - BASKALASIM",20.00,"Sinopsis no disponible","Episodios: 10; Título original: Başkalaşım",metamorfosis-baskalasim-0.webp;metamorfosis-baskalasim-1.webp,episode,10,2.00
Novelas,"Dramas (coreanos, turcos, etc.)","MI HOGAR MI DESTINO - DOGDUGUN EV KADERINDIR",276.00,"Sinopsis no disponible","Episodios: 138; Título original: Doğduğun Ev Kaderindir",mi-hogar-mi-destino-dogdugun-ev-kaderindir-0.webp;mi-hogar-mi-destino-dogdugun-ev-kaderindir-1.webp,episode,138,2.00
Novelas,"Dramas (coreanos, turcos, etc.)","MI LADO IZQUIERDO - SOL YANIM",72.00,"Sinopsis no disponible","Episodios: 36; Título original: Sol Yanım",mi-lado-izquierdo-sol-yanim-0.webp;mi-lado-izquierdo-sol-yanim-1.webp,episode,36,2.00
Novelas,"Dramas (coreanos, turcos, etc.)","MI MENTIRA MÁS DULCE – TATLI YALANIM",152.00,"Sinopsis no disponible","Episodios: 76; Título original: Tatlı Yalanım",mi-mentira-mas-dulce-tatli-yalanim-0.webp;mi-mentira-mas-dulce-tatli-yalanim-1.webp,episode,76,2.00
Novelas,"Dramas (coreanos, turcos, etc.)","MI NOMBRE ES FARAH - ME LLAMO FARAH - ADIM FARAH",178.00,"Sinopsis no disponible","Episodios: 89; Título original: Adım Farah",mi-nombre-es-farah-me-llamo-farah-adim-farah-0.webp;mi-nombre-es-farah-me-llamo-farah-adim-farah-1.webp,episode,89,2.00
Novelas,"Dramas (coreanos, turcos, etc.)","MI VIDA - BENIM HAYATIM",36.00,"Sinopsis no disponible","Episodios: 18; Título original: Benim Hayatım",mi-vida-benim-hayatim-0.webp;mi-vida-benim-hayatim-1.webp,episode,18,2.00
Novelas,"Dramas (coreanos, turcos, etc.)","MISERICORDIA - MERHAMET",162.00,"Sinopsis no disponible","Episodios: 81; Título original: Merhamet",misericordia-merhamet-0.webp;misericordia-merhamet-1.webp,episode,81,2.00
Novelas,"Dramas (coreanos, turcos, etc.)","MUNDOS OPUESTOS - KIZILCIK SERBETI",428.00,"Sinopsis no disponible","Episodios: 214; Título original: Kızılcık Şerbeti",mundos-opuestos-kizilcik-serbeti-0.webp;mundos-opuestos-kizilcik-serbeti-1.webp,episode,214,2.00
Novelas,"Dramas (coreanos, turcos, etc.)","MUY ESTIMADO - AZIZE",36.00,"Sinopsis no disponible","Episodios: 18; Título original: Azize",muy-estimado-azize-0.webp;muy-estimado-azize-1.webp,episode,18,2.00
Novelas,"Dramas (coreanos, turcos, etc.)","MÁS ALLÁ DEL AMOR - SORBETE DE ARÁNDANOS - KIZIZLCIK SERBETI",428.00,"Sinopsis no disponible","Episodios: 214; Título original: Kızılcık Şerbeti",mas-alla-del-amor-sorbete-de-arandanos-kizizlcik-serbeti-0.webp;mas-alla-del-amor-sorbete-de-arandanos-kizizlcik-serbeti-1.webp,episode,214,2.00
Novelas,"Dramas (coreanos, turcos, etc.)","MÁS HERMOSA QUE TÚ - SENDEN DAHA GÜZEL",84.00,"Sinopsis no disponible","Episodios: 42; Título original: Senden Daha Güzel",mas-hermosa-que-tu-senden-daha-guzel-0.webp;mas-hermosa-que-tu-senden-daha-guzel-1.webp,episode,42,2.00
Novelas,"Dramas (coreanos, turcos, etc.)","NADA ES LO QUE PARECE - ICERDE",202.00,"Sinopsis no disponible","Episodios: 101; Título original: İçerde",nada-es-lo-que-parece-icerde-0.webp;nada-es-lo-que-parece-icerde-1.webp,episode,101,2.00
Novelas,"Dramas (coreanos, turcos, etc.)","NADIE SABE - SECRETOS DE AMOR - KIMSE BILMEZ",176.00,"Sinopsis no disponible","Episodios: 88; Título original: Kimse Bilmez",nadie-sabe-secretos-de-amor-kimse-bilmez-0.webp;nadie-sabe-secretos-de-amor-kimse-bilmez-1.webp,episode,88,2.00
Novelas,"Dramas (coreanos, turcos, etc.)","NIDO DE VÍBORA - SEN BENIMSIN",70.00,"Sinopsis no disponible","Episodios: 35; Título original: Sen Benimsin",nido-de-vibora-sen-benimsin-0.webp;nido-de-vibora-sen-benimsin-1.webp,episode,35,2.00
Novelas,"Dramas (coreanos, turcos, etc.)","NIÑO - EL ES MI HIJO - ÇOCUK",124.00,"Sinopsis no disponible","Episodios: 62; Título original: Çocuk",nino-el-es-mi-hijo-cocuk-0.webp;nino-el-es-mi-hijo-cocuk-1.webp,episode,62,2.00
Novelas,"Dramas (coreanos, turcos, etc.)","NO LLORES POR MI - BENIM IÇIN AGLAMA",32.00,"Sinopsis no disponible","Episodios: 16; Título original: Benim İçin Ağlama",no-llores-por-mi-benim-icin-aglama-0.webp;no-llores-por-mi-benim-icin-aglama-1.webp,episode,16,2.00
Novelas,"Dramas (coreanos, turcos, etc.)","NO ME DEJES IR – ASLA VAZGEÇMEM",240.00,"Sinopsis no disponible","Episodios: 120; Título original: Asla Vazgeçmem",no-me-dejes-ir-asla-vazgecmem-0.webp;no-me-dejes-ir-asla-vazgecmem-1.webp,episode,120,2.00
Novelas,"Dramas (coreanos, turcos, etc.)","NO PUEDES CONFIAR EN LOS HOMBRES - EGO",26.00,"Sinopsis no disponible","Episodios: 13; Título original: Ego",no-puedes-confiar-en-los-hombres-ego-0.webp;no-puedes-confiar-en-los-hombres-ego-1.webp,episode,13,2.00
Novelas,"Dramas (coreanos, turcos, etc.)","NO TE ENTREGARÉ A NADIE - SENI KIMSEYE VERMEM",90.00,"Sinopsis no disponible","Episodios: 45; Título original: Seni Kimseye Vermem",no-te-entregare-a-nadie-seni-kimseye-vermem-0.webp;no-te-entregare-a-nadie-seni-kimseye-vermem-1.webp,episode,45,2.00
Novelas,"Dramas (coreanos, turcos, etc.)","OH DÓNDE - I0. EV",42.00,"Sinopsis no disponible","Episodios: 21; Título original: 10. Ev",oh-donde-i0-ev-0.webp;oh-donde-i0-ev-1.webp,episode,21,2.00
Novelas,"Dramas (coreanos, turcos, etc.)","PALOMA ESCLAVA DEL DESTINO - GUVERCIN",32.00,"Sinopsis no disponible","Episodios: 16; Título original: Güvercin",paloma-esclava-del-destino-guvercin-0.webp;paloma-esclava-del-destino-guvercin-1.webp,episode,16,2.00
Novelas,"Dramas (coreanos, turcos, etc.)","PAN NEGRO - VIDA ROBADA - KARASEVDA EKMEGI",200.00,"Sinopsis no disponible","Episodios: 100; Título original: Karasevda Ekmeği",pan-negro-vida-robada-karasevda-ekmegi-0.webp;pan-negro-vida-robada-karasevda-ekmegi-1.webp,episode,100,2.00
Novelas,"Dramas (coreanos, turcos, etc.)","PERLA NEGRA – SIYAH INC",134.00,"Sinopsis no disponible","Episodios: 67; Título original: Siyah İnci",perla-negra-siyah-inc-0.webp;perla-negra-siyah-inc-1.webp,episode,67,2.00
Novelas,"Dramas (coreanos, turcos, etc.)","PIEDAD - MERHAMET",162.00,"Sinopsis no disponible","Episodios: 81; Título original: Merhamet",piedad-merhamet-0.webp;piedad-merhamet-1.webp,episode,81,2.00
Novelas,"Dramas (coreanos, turcos, etc.)","PIEDRA DE LOS DESEOS - DILEK TASI",134.00,"Sinopsis no disponible","Episodios: 67; Título original: Dilek Taşı",piedra-de-los-deseos-dilek-tasi-0.webp;piedra-de-los-deseos-dilek-tasi-1.webp,episode,67,2.00
Novelas,"Dramas (coreanos, turcos, etc.)","PLATÓNICO HOTEL LUNA AZUL -PLATONIK MAVI DOLUNAY OTEL",16.00,"Sinopsis no disponible","Episodios: 8; Título original: Platonik Mavi Dolunay Otel",platonico-hotel-luna-azul-platonik-mavi-dolunay-otel-0.webp;platonico-hotel-luna-azul-platonik-mavi-dolunay-otel-1.webp,episode,8,2.00
Novelas,"Dramas (coreanos, turcos, etc.)","PLOMO - KURSUN",44.00,"Sinopsis no disponible","Episodios: 22; Título original: Kurşun",plomo-kursun-0.webp;plomo-kursun-1.webp,episode,22,2.00
Novelas,"Dramas (coreanos, turcos, etc.)","PROPUESTA INDECENTE - INCE INCE YASEMINCE",128.00,"Sinopsis no disponible","Episodios: 64; Título original: İnce İnce Yasemince",propuesta-indecente-ince-ince-yasemince-0.webp;propuesta-indecente-ince-ince-yasemince-1.webp,episode,64,2.00
Novelas,"Dramas (coreanos, turcos, etc.)","PUNTO CIEGO - KÖR NOKTA",40.00,"Sinopsis no disponible","Episodios: 20; Título original: Kör Nokta",punto-ciego-kor-nokta-0.webp;punto-ciego-kor-nokta-1.webp,episode,20,2.00
Novelas,"Dramas (coreanos, turcos, etc.)","PURPÚRA COMO EL MAR - VIOLETA COMO EL MAR - DENIZ KADAR MOR",24.00,"Sinopsis no disponible","Episodios: 12; Título original: Deniz Kadar Mor",purpura-como-el-mar-violeta-como-el-mar-deniz-kadar-mor-0.webp;purpura-como-el-mar-violeta-como-el-mar-deniz-kadar-mor-1.webp,episode,12,2.00
Novelas,"Dramas (coreanos, turcos, etc.)","PÁJARO HERIDO - YARALI KUS",400.00,"Sinopsis no disponible","Episodios: 200; Título original: Yaralı Kuş",pajaro-herido-yarali-kus-0.webp;pajaro-herido-yarali-kus-1.webp,episode,200,2.00
Novelas,"Dramas (coreanos, turcos, etc.)","PÁJARO SOÑADOR - SUEÑO CONTIGO - ERKENCI KUS",260.00,"Sinopsis no disponible","Episodios: 130; Título original: Erkenci Kuş",pajaro-sonador-sueno-contigo-erkenci-kus-0.webp;pajaro-sonador-sueno-contigo-erkenci-kus-1.webp,episode,130,2.00
Novelas,"Dramas (coreanos, turcos, etc.)","QUIÉN TE LLEVÓ - SENI KIMLER ALDI",80.00,"Sinopsis no disponible","Episodios: 40; Título original: Seni Kimler Aldı",quien-te-llevo-seni-kimler-aldi-0.webp;quien-te-llevo-seni-kimler-aldi-1.webp,episode,40,2.00
Novelas,"Dramas (coreanos, turcos, etc.)","QUIÉREME SIEMPRE - HEP BENI SEV",80.00,"Sinopsis no disponible","Episodios: 40; Título original: Hep Beni Sev",quiereme-siempre-hep-beni-sev-0.webp;quiereme-siempre-hep-beni-sev-1.webp,episode,40,2.00
Novelas,"Dramas (coreanos, turcos, etc.)","QUÉ PASA SI AMAS DEMASIADO - ÇOK SEVERSEN NE OLUR",80.00,"Sinopsis no disponible","Episodios: 40; Título original: Çok Seversen Ne Olur",que-pasa-si-amas-demasiado-cok-seversen-ne-olur-0.webp;que-pasa-si-amas-demasiado-cok-seversen-ne-olur-1.webp,episode,40,2.00
Novelas,"Dramas (coreanos, turcos, etc.)","RAMO - ADALETIN BU MU DÜNYA",90.00,"Sinopsis no disponible","Episodios: 45; Título original: Adaletin Bu Mu Dünya",ramo-adaletin-bu-mu-dunya-0.webp;ramo-adaletin-bu-mu-dunya-1.webp,episode,45,2.00
Novelas,"Dramas (coreanos, turcos, etc.)","REBELDE - ASI",286.00,"Sinopsis no disponible","Episodios: 143; Título original: Asi",rebelde-asi-0.webp;rebelde-asi-1.webp,episode,143,2.00
Novelas,"Dramas (coreanos, turcos, etc.)","RECUERDA CORAZÓN - GÖNÜL",76.00,"Sinopsis no disponible","Episodios: 38; Título original: Gönül",recuerda-corazon-gonul-0.webp;recuerda-corazon-gonul-1.webp,episode,38,2.00
Novelas,"Dramas (coreanos, turcos, etc.)","RICO Y POBRE - ZENGIN VE YOKSUL",64.00,"Sinopsis no disponible","Episodios: 32; Título original: Zengin ve Yoksul",rico-y-pobre-zengin-ve-yoksul-0.webp;rico-y-pobre-zengin-ve-yoksul-1.webp,episode,32,2.00
Novelas,"Dramas (coreanos, turcos, etc.)","RIVALES DE SANGRE - KANLI RAKIPLER",100.00,"Sinopsis no disponible","Episodios: 50; Título original: Kanlı Rakipler",rivales-de-sangre-kanli-rakipler-0.webp;rivales-de-sangre-kanli-rakipler-1.webp,episode,50,2.00
Novelas,"Dramas (coreanos, turcos, etc.)","SAFIR - SAKLI KALEN ASK HIKAYESI",178.00,"Sinopsis no disponible","Episodios: 89; Título original: Saklı Kalen Aşk Hikayesi",safir-sakli-kalen-ask-hikayesi-0.webp;safir-sakli-kalen-ask-hikayesi-1.webp,episode,89,2.00
Novelas,"Dramas (coreanos, turcos, etc.)","SECRETOS DE LA VIDA- HAYATIN SIRLARI",66.00,"Sinopsis no disponible","Episodios: 33; Título original: Hayatın Sırları",secretos-de-la-vida-hayatin-sirlari-0.webp;secretos-de-la-vida-hayatin-sirlari-1.webp,episode,33,2.00
Novelas,"Dramas (coreanos, turcos, etc.)","SECRETOS DE SANGRE - SECRETOS DE FAMILIA – YARGI",218.00,"Sinopsis no disponible","Episodios: 109; Título original: Yargı",secretos-de-sangre-secretos-de-familia-yargi-0.webp;secretos-de-sangre-secretos-de-familia-yargi-1.webp,episode,109,2.00
Novelas,"Dramas (coreanos, turcos, etc.)","SECRETOS DE UN ÁNGEL - BIR PERI MASALI",232.00,"Sinopsis no disponible","Episodios: 116; Título original: Bir Peri Masalı",secretos-de-un-angel-bir-peri-masali-0.webp;secretos-de-un-angel-bir-peri-masali-1.webp,episode,116,2.00
Novelas,"Dramas (coreanos, turcos, etc.)","SECRETOS PROHIBIDOS - MI PADRE Y SU FAMILIA - BABAM VE AILESI",82.00,"Sinopsis no disponible","Episodios: 41; Título original: Babam ve Ailesi",secretos-prohibidos-mi-padre-y-su-familia-babam-ve-ailesi-0.webp;secretos-prohibidos-mi-padre-y-su-familia-babam-ve-ailesi-1.webp,episode,41,2.00
Novelas,"Dramas (coreanos, turcos, etc.)","SELIM Y SAHRA - SELIM VE SAHRA",70.00,"Sinopsis no disponible","Episodios: 35; Título original: Selim ve Sahra",selim-y-sahra-selim-ve-sahra-0.webp;selim-y-sahra-selim-ve-sahra-1.webp,episode,35,2.00
Novelas,"Dramas (coreanos, turcos, etc.)","SELIN UN AMOR INOLVIDABLE - UNUTULMAZ BIR ASK SELIN",90.00,"Sinopsis no disponible","Episodios: 45; Título original: Unutulmaz Bir Aşk Selin",selin-un-amor-inolvidable-unutulmaz-bir-ask-selin-0.webp;selin-un-amor-inolvidable-unutulmaz-bir-ask-selin-1.webp,episode,45,2.00
Novelas,"Dramas (coreanos, turcos, etc.)","SI YO FUERA UNA NUEVE -BIR BULUT OSLAM",126.00,"Sinopsis no disponible","Episodios: 63; Título original: Bir Bulut Oslama",si-yo-fuera-una-nueve-bir-bulut-oslam-0.webp;si-yo-fuera-una-nueve-bir-bulut-oslam-1.webp,episode,63,2.00
Novelas,"Dramas (coreanos, turcos, etc.)","SONRÍE A TU DESTINO - KADERINE GÜLÜMSE",28.00,"Sinopsis no disponible","Episodios: 14; Título original: Kaderine Gülümse",sonrie-a-tu-destino-kaderine-gulumse-0.webp;sonrie-a-tu-destino-kaderine-gulumse-1.webp,episode,14,2.00
Novelas,"Dramas (coreanos, turcos, etc.)","SU NOMBRE ES ZEHRA - ADI ZEHRA",28.00,"Sinopsis no disponible","Episodios: 14; Título original: Adı Zehra",su-nombre-es-zehra-adi-zeh-ra-0.webp;su-nombre-es-zehra-adi-zeh-ra-1.webp,episode,14,2.00
Novelas,"Dramas (coreanos, turcos, etc.)","TE ALQUILO MI AMOR - AMOR POR ALQUILER - KIRALIK ASK",320.00,"Sinopsis no disponible","Episodios: 160; Título original: Kiralık Aşk",te-alquilo-mi-amor-amor-por-alquiler-kiralik-ask-0.webp;te-alquilo-mi-amor-amor-por-alquiler-kiralik-ask-1.webp,episode,160,2.00
Novelas,"Dramas (coreanos, turcos, etc.)","TE AMAS - SEVERSIN BIR ASK HIKAYESIT",122.00,"Sinopsis no disponible","Episodios: 61; Título original: Seversin Bir Aşk Hikayesi",te-amas-seversin-bir-ask-hikayesit-0.webp;te-amas-seversin-bir-ask-hikayesit-1.webp,episode,61,2.00
Novelas,"Dramas (coreanos, turcos, etc.)","TIERRA DE SECRETOS- KARAGÜL",662.00,"Sinopsis no disponible","Episodios: 331; Título original: Karagül",tierra-de-secretos-karagul-0.webp;tierra-de-secretos-karagul-1.webp,episode,331,2.00
Novelas,"Dramas (coreanos, turcos, etc.)","TODAVÍA TENGO ESPERANZA - UMUTUM HALA VAR",132.00,"Sinopsis no disponible","Episodios: 66; Título original: Umutum Hala Var",todavia-tengo-esperanza-umutum-hala-var-0.webp;todavia-tengo-esperanza-umutum-hala-var-1.webp,episode,66,2.00
Novelas,"Dramas (coreanos, turcos, etc.)","TODO AMOR ESCONDE UN SECRETO - GÜNES",206.00,"Sinopsis no disponible","Episodios: 103; Título original: Güneş",todo-amor-esconde-un-secreto-gunes-0.webp;todo-amor-esconde-un-secreto-gunes-1.webp,episode,103,2.00
Novelas,"Dramas (coreanos, turcos, etc.)","TODO POR MI FAMILIA (1) - KARDESLERIM",308.00,"Sinopsis no disponible","Episodios: 154; Título original: Kardeşlerim",todo-por-mi-familia-1-kardeslerim-0.webp;todo-por-mi-familia-1-kardeslerim-1.webp,episode,154,2.00
Novelas,"Dramas (coreanos, turcos, etc.)","TODO POR MI HIJA - Y TÚ, QUIÉN ERES - KIZIM",76.00,"Sinopsis no disponible","Episodios: 38; Título original: Kızım",todo-por-mi-hija-y-tu-quien-eres-kizim-0.webp;todo-por-mi-hija-y-tu-quien-eres-kizim-1.webp,episode,38,2.00
Novelas,"Dramas (coreanos, turcos, etc.)","TODO SOBRE EL MATRIMONIO – EVLILIK HAKKINDA HER SEY",210.00,"Sinopsis no disponible","Episodios: 105; Título original: Evlilik Hakkında Her Şey",todo-sobre-el-matrimonio-evlilik-hakkinda-her-sey-0.webp;todo-sobre-el-matrimonio-evlilik-hakkinda-her-sey-1.webp,episode,105,2.00
Novelas,"Dramas (coreanos, turcos, etc.)","TOMA MI MANO – ELIMI BIRAKMA",322.00,"Sinopsis no disponible","Episodios: 161; Título original: Elimi Bırakma",toma-mi-mano-elimi-birakma-0.webp;toma-mi-mano-elimi-birakma-1.webp,episode,161,2.00
Novelas,"Dramas (coreanos, turcos, etc.)","TRAICIÓN SECRETA - STILETTO VENDETTA",156.00,"Sinopsis no disponible","Episodios: 78; Título original: Stiletto Vendetta",traicion-secreta-stiletto-vendetta-0.webp;traicion-secreta-stiletto-vendetta-1.webp,episode,78,2.00
Novelas,"Dramas (coreanos, turcos, etc.)",TRAMPA - TUZAK,44.00,"Tuzak (en español, Trampa) es una serie turca de suspenso y drama que explora la venganza, la justicia y los dilemas morales. La historia sigue a Umut, un abogado brillante que busca vengarse de una poderosa familia responsable de la ruina de su infancia. Sin embargo, su plan se complica cuando se enamora de Ceren, la hija del hombre al que intenta destruir. Entre secretos, traiciones y emociones intensas, ambos deberán decidir si el amor puede sobrevivir a la venganza.",Episodios: 22;Título original: Tuzak;Año: 2022–2023;País: Turquía,trampa-tuzak-0.jpg,episode,22,2.00
Novelas,"Dramas (coreanos, turcos, etc.)",TRAMPA DE AMOR – ASK TUZAGI,174.00,"Ask Tuzagi (en español Trampa de Amor) es una serie turca que mezcla romance y drama con tintes de suspenso. La trama se centra en Demir, un hombre marcado por las traiciones del pasado, que decide tender una “trampa” emocional para vengarse de quienes lo dañaron. Sin embargo, su plan se complica cuando conoce a Zeynep, una mujer que despierta en él sentimientos genuinos y lo enfrenta al dilema entre el amor verdadero y la venganza.",Episodios: 87;Título original: Aşk Tuzağı;Año: 2014;País: Turquía,trampa-de-amor-ask-tuzagi-0.webp,episode,87,2.00
Novelas,"Dramas (coreanos, turcos, etc.)",TRAMPAS DE AMOR - AFILI ASK,272.00,"Afili Aşk (en español Trampas de Amor) es una comedia romántica turca que mezcla humor, enredos y sentimientos genuinos. La historia sigue a Ayşe Yılmaz, una joven soñadora que, para escapar de un matrimonio forzado, inventa una relación con Kerem Yiğiter, un empresario atractivo y mujeriego. Lo que comienza como una mentira se convierte en una convivencia llena de situaciones divertidas, malentendidos y, poco a poco, un amor verdadero.",Episodios: 136;Título original: Afili Aşk;Año: 2019–2020;País: Turquía,trampas-de-amor-afili-ask-0.jpg;trampas-de-amor-afili-ask-1.jpg,episode,136,2.00
Novelas,"Dramas (coreanos, turcos, etc.)",TROPICA - DÖNENCE,90.00,"Durante el verano, Gece planea estudiar en la universidad y tocar música con su novio Emir en Estambul. Sin embargo, su familia se muda a Foça para ayudar a su hermana Gülce, quien tiene Asperger y no soporta el bullicio de la ciudad. Allí, Gece conoce a Özgür, un instructor de surf que también cuida de su hermano con Asperger. Entre ellos surge una conexión especial que la obliga a replantearse su vida y sus sentimientos, mientras la llegada inesperada de Emir complica aún más la situación.",Episodios: 45;Título original: Dönence;Año: 2023;País: Turquía,tropica-dnence-0.jpg;tropica-dnence-1.jpg,episode,45,2.00
Novelas,"Dramas (coreanos, turcos, etc.)",TÍO NEGRO O TÍO OSCURO - KARADAYI,230.00,"Karadayı (conocida en algunos países como Tío Negro o Tío Oscuro) es una serie turca de drama y acción que narra la vida de Mahir Kara, un joven cuyo padre es injustamente acusado de asesinato y condenado a muerte. Mahir decide infiltrarse en el mundo judicial bajo una identidad falsa para demostrar la inocencia de su padre. En el proceso, se enamora de la jueza Feride Şadoğlu, lo que complica aún más su misión de justicia y venganza.",Episodios: 115;Título original: Karadayı;Año: 2012–2015;País: Turquía,tio-negro-o-tio-oscuro-karadayi-0.jpg;tio-negro-o-tio-oscuro-karadayi-1.jpg,episode,115,2.00
Novelas,"Dramas (coreanos, turcos, etc.)",UN POCO DE LUZ DEL DÍA - LA LUZ DE MI VIDA - GIRO DEL DESTINO - BIR KÜCÜK GÜNDÜZ ISIGI,218.00,"Bir Küçük Gün Işığı (en español Un Poco de Luz del Día / La Luz de Mi Vida / Giro del Destino) es una serie turca de drama y romance que explora la resiliencia y los giros inesperados de la vida. La historia sigue a Elif, una joven que descubre tras la muerte de su esposo que él llevaba una doble vida y tenía una hija secreta. Obligada a enfrentar esta verdad, Elif debe rehacer su vida mientras se cruza con Fırat, un hombre poderoso que también guarda secretos. Entre ellos surge una relación marcada por el destino, el dolor y la esperanza.",Episodios: 109;Título original: Bir Küçük Gün Işığı;Año: 2022–2023;País: Turquía,un-poco-de-luz-del-dia-la-luz-de-mi-vida-giro-del-destino-bir-kucuk-gunduz-isigi-0.jpg;un-poco-de-luz-del-dia-la-luz-de-mi-vida-giro-del-destino-bir-kucuk-gunduz-isigi-1.jpg,episode,109,2.00
Novelas,"Dramas (coreanos, turcos, etc.)",UN POLICÍA DE ANKARA - BEHZAT C,18.00,"Behzat Ç.: Bir Ankara Polisiyesi (en español Un Policía de Ankara) es una serie turca de crimen y drama que sigue la vida del comisario Behzat Ç., un policía de homicidios en Ankara con un carácter duro, sarcástico y poco convencional. Junto a su equipo, investiga casos complejos de asesinato mientras lidia con la corrupción, la burocracia y sus propios demonios personales. La serie se caracteriza por su tono realista, su crítica social y su retrato crudo de la vida policial.","Episodios: 9;Título original: Behzat Ç.: Bir Ankara Polisiyesi;Año: 2010–2013, 2019–2022;País: Turquía",un-policia-de-ankara-behzat-c-0.jpg;un-policia-de-ankara-behzat-c-1.jpg;un-policia-de-ankara-behzat-c-2.jpg,episode,9,2.00
Novelas,"Dramas (coreanos, turcos, etc.)",UNA CANCIÓN INTERMINABLE - BITMEYEN SARKI,64.00,"Bitmeyen Şarkı (en español Una Canción Interminable) es una serie turca de drama y romance que narra la historia de Feraye, una mujer que lucha por sobrevivir en un mundo lleno de injusticias mientras protege a su hijo. Su vida cambia cuando conoce a Yaman, un hombre poderoso y enigmático que se convierte en parte fundamental de su destino. La trama se centra en el amor, el sacrificio y la esperanza frente a las adversidades.",Episodios: 32;Título original: Bitmeyen Şarkı;Año: 2010–2011;País: Turquía,una-cancion-interminable-bitmeyen-sarki-0.jpg;una-cancion-interminable-bitmeyen-sarki-1.jpg,episode,32,2.00
Novelas,"Dramas (coreanos, turcos, etc.)",UNA HISTORIA DE AMOR - BIR ASK HIKAYESI,116.00,"Bir Aşk Hikayesi (en español Una Historia de Amor) es una serie turca de drama romántico que narra la vida de Korkut Ali, un joven que creció en Alemania en condiciones difíciles y regresa a Turquía tras descubrir que fue abandonado por su madre biológica. En su búsqueda de justicia y afecto, conoce a Ceylan, una mujer sensible y soñadora, con quien vivirá un amor intenso marcado por secretos, dolor y esperanza.",Episodios: 58;Título original: Bir Aşk Hikayesi;Año: 2013–2014;País: Turquía,una-historia-de-amor-bir-ask-hikayesi-0.webp;una-historia-de-amor-bir-ask-hikayesi-1.jpg,episode,58,2.00
Novelas,"Dramas (coreanos, turcos, etc.)",UNA MADRE CONTRA LA INJUSTICIA - GÜLPERI,174.00,"Gülperi (en español Una Madre contra la Injusticia) es una serie turca de drama que narra la lucha de una madre por recuperar a sus hijos tras quedar viuda y enfrentarse a la hostilidad de su familia política. La historia muestra cómo Gülperi, una mujer fuerte y resiliente, desafía las normas sociales y legales para proteger a sus hijos y darles un futuro digno, enfrentándose a juicios, prejuicios y poderosos enemigos.",Episodios: 87;Título original: Gülperi;Año: 2018–2019;País: Turquía,una-madre-contra-la-injusticia-gulperi-0.jpg;una-madre-contra-la-injusticia-gulperi-1.jpg,episode,87,2.00
Novelas,"Dramas (coreanos, turcos, etc.)",UNA PARTE DE MI - NO TE ENAMORES – BENIM ADIM GÜLTEPE,296.00,"Benim Adım Gültepe (en español Una Parte de Mi / No Te Enamores) es una serie turca de drama que retrata la vida en un barrio humilde de Estambul durante los años 80. La historia se centra en Sema, una joven que sueña con escapar de la pobreza y las limitaciones de su entorno, mientras enfrenta las dificultades de crecer en un ambiente marcado por la injusticia, la violencia y los amores prohibidos.",Episodios: 148;Título original: Benim Adım Gültepe;Año: 2014;País: Turquía,una-parte-de-mi-no-te-enamores-benim-adim-gultepe-0.webp;una-parte-de-mi-no-te-enamores-benim-adim-gultepe-1.webp,episode,148,2.00
Novelas,"Dramas (coreanos, turcos, etc.)",UNA VIDA PERFECTA - MI MARAVILLOSA VIDA - HARIKA HAYATIM,194.00,"Harika Hayatım (en español Una Vida Perfecta / Mi Maravillosa Vida) es una serie turca de drama y romance que explora los secretos detrás de una aparente vida ideal. La trama sigue a Şebnem Gümüşçü, una mujer que parece tenerlo todo: belleza, éxito y una familia perfecta. Sin embargo, su pasado oscuro y las mentiras que ha construido comienzan a salir a la luz, poniendo en riesgo su mundo y obligándola a enfrentarse a las consecuencias de sus decisiones.",Episodios: 97;Título original: Harika Hayatım;Año: 2023–2024;País: Turquía,una-vida-perfecta-mi-maravillosa-vida-harika-hayatim-0.jpg;una-vida-perfecta-mi-maravillosa-vida-harika-hayatim-1.webp,episode,97,2.00
Novelas,"Dramas (coreanos, turcos, etc.)",UNO DE NOSOTROS - BIZDEN BIRI,36.00,"Cuenta la historia de Adam, hijo de un sacerdote católico, y Havva, hija de una familia turca muy tradicional. A pesar de provenir de mundos completamente distintos, sus caminos se cruzan y surge entre ellos un amor inesperado. Sin embargo, las diferencias culturales, religiosas y familiares se convierten en grandes obstáculos que ponen a prueba su relación.",Episodios: 18;Título original: Bizden Biri;Año: 2021;País: Turquía,uno-de-nosotros-bizden-biri-0.jpg;uno-de-nosotros-bizden-biri-1.jpg,episode,18,2.00
Novelas,"Dramas (coreanos, turcos, etc.)",VENGANZA Y AMOR - SUHAN,156.00,"La historia sigue a Suhan Korludağ, una joven heredera que vive en un pequeño pueblo junto a su padre, un poderoso terrateniente. Su vida cambia radicalmente cuando aparece Cesur Alemdaroğlu, un hombre misterioso que llega con un propósito oculto: vengar la muerte de su padre. Lo que comienza como un plan de venganza se transforma en una apasionada historia de amor marcada por secretos familiares, traiciones y enfrentamientos.",Episodios: 78;Título original: Cesur ve Güzel;Año: 2016–2017;País: Turquía,venganza-y-amor-suhan-0.jpg;venganza-y-amor-suhan-1.webp,episode,78,2.00
Novelas,"Dramas (coreanos, turcos, etc.)",VERDAD OCULTA - PRISIONERO - GIZLI GERÇEK - ESIR,150.00,"La historia gira en torno a Kemal, un hombre injustamente acusado de asesinato y condenado a prisión. Tras años de encierro, logra escapar para demostrar su inocencia y descubrir la verdad detrás de una conspiración que involucra a poderosos empresarios y funcionarios corruptos. En su búsqueda se cruza con Elif, una periodista decidida a destapar el caso, y juntos enfrentan una red de mentiras, traiciones y secretos que pondrán en riesgo sus vidas.",Episodios: 75;Título original: Gizli Gerçek - Esir;Año: 2011;País: Turquía,verdad-oculta-prisionero-gizli-gerek-esir-0.jpg;verdad-oculta-prisionero-gizli-gerek-esir-1.jpg,episode,75,2.00
Novelas,"Dramas (coreanos, turcos, etc.)",VIOLETA COMO EL MAR - PURPÚRA COMO EL MAR - DENIZ GIBI MENEKSELER,24.00,"Viola Vitale, una joven periodista italiana, regresa a Sicilia para trabajar en una revista local y buscar a su padre desaparecido. Allí conoce a Francesco Demir, un inspector de policía reservado y metódico. Juntos se ven envueltos en la resolución de crímenes mientras entre ellos surge una relación marcada por la tensión, la química y los secretos del pasado.","Episodios: 12;Título original: Deniz Gibi Menekşeler;Año: 2022–2023;País: Italia, Turquía",violeta-como-el-mar-purpura-como-el-mar-deniz-gibi-menekseler-0.webp;violeta-como-el-mar-purpura-como-el-mar-deniz-gibi-menekseler-1.webp,episode,12,2.00
Novelas,"Dramas (coreanos, turcos, etc.)",VOLVER A CASA - REGRESO A CASA - EVE DÖNÜS,132.00,"Mustafa y su esposa Esma, obreros humildes que viven con su hija pequeña, llevan una vida tranquila al margen de la política. Tras el golpe militar del 12 de septiembre de 1980 en Turquía, Mustafa es denunciado falsamente como miembro de una organización clandestina y es detenido. Durante 22 días sufre brutales torturas, compartiendo celda con un maestro llamado Hoca. La película expone el trauma social y humano de la represión política de aquella época.",Episodios: 66;Título original: Eve Dönüş;Año: 2006;País: Turquía,volver-a-casa-regreso-a-casa-eve-dnus-0.webp;volver-a-casa-regreso-a-casa-eve-dnus-1.webp,episode,66,2.00
Novelas,"Dramas (coreanos, turcos, etc.)","Y TÚ, ¿QUIÉN ERES – KIMSIN SEN",74.00,"Tekin, un detective privado poco reconocido, recibe un encargo de una viuda adinerada para localizar a su hija desaparecida. Lo que parece un caso sencillo se convierte en una trama llena de enredos, persecuciones y humor absurdo, donde Tekin y su compañero İsmail se enfrentan a situaciones cada vez más disparatadas.",Episodios: 37;Año: 2012;Título original: Kimsin Sen;País: Turquía,y-tu-quien-eres-kimsin-sen-0.webp;y-tu-quien-eres-kimsin-sen-1.webp,episode,37,2.00
Novelas,"Dramas (coreanos, turcos, etc.)",ÉPICO - DESTAN,182.00,"La trama se desarrolla en las estepas de Asia Central del siglo VIII, donde Akkiz, una guerrera huérfana, busca venganza contra Alpagu Khan, responsable de la muerte de su padre. En su camino se cruza con Batuga, el hijo discapacitado del Khan, quien finge locura para sobrevivir.",Episodios: 91;Año: 2021-2022;Título original: Destan;País: Turquía,epico-destan-0.jpg;epico-destan-1.webp;epico-destan-2.webp,episode,91,2.00
Novelas,"Dramas (coreanos, turcos, etc.)",LA HIJA DEL EMBAJADOR – SEFIRIN KIZI,328.00,"Sancar, hijo de un campesino, y Nare, hija de un embajador, se aman desde niños. El padre de Nare se opone y ella desaparece misteriosamente en su noche de bodas. Años después reaparece con una hija, Melek, revelando secretos que desatan una historia de amor, traición y venganza.",Episodios: 164;Título original: Sefirin Kızı;Año: 2019-2021;País: Turquía,la-hija-del-embajador-sen-al-kapimi-0.jpg;la-hija-del-embajador-sen-al-kapimi-1.jpg,episode,164,2.00